Date,Revenue,lag_1,lag_7,lag_30,rolling_mean_7,rolling_std_7
2023-02-04,564.129,17151.248,3923.766000000001,9631.07,6084.508500000001,5717.611786156941
2023-02-05,6056.64,564.129,9848.712,365.7465,5542.783928571429,5476.06606528291
2023-02-06,4196.025000000001,6056.64,3497.325,5608.597499999999,5642.598214285715,5438.809833806228
2023-02-07,7717.0155,4196.025000000001,1642.1794999999995,15796.93,6510.431928571428,5172.230726774638
2023-02-08,12116.8525,7717.0155,4960.776,1460.0725,7532.728571428571,5510.999747334903
2023-02-09,514.805,12116.8525,4927.1900000000005,7384.378,6902.387857142858,6081.4995873463
2023-02-11,13970.394,514.805,17151.248,3490.0199999999995,6447.980142857144,5250.079291422867
2023-02-13,2817.6715,13970.394,564.129,6458.619,6769.914785714286,4885.5900115981285
2023-02-14,10351.907,2817.6715,6056.64,13647.0975,7383.524357142857,5048.105732661687
2023-02-15,7084.701,10351.907,4196.025000000001,14349.917,7796.192357142857,4858.623056453525
2023-02-17,1867.833,7084.701,7717.0155,3483.675,6960.594857142857,5352.396993355458
2023-02-20,561.9345,1867.833,12116.8525,3466.368,5309.892285714285,5278.431744343927
2023-02-21,2554.1145,561.9345,514.805,2775.0,5601.222214285714,5019.6013672042645
2023-02-22,4676.238,2554.1145,13970.394,12822.64,4273.485642857143,3407.1189175497684
2023-02-23,18172.234,4676.238,2817.6715,3187.3559999999998,6466.994571428571,6151.235608240743
2023-02-24,3107.041,18172.234,10351.907,114.19,5432.013714285714,5996.174375528325
2023-02-26,17154.928,3107.041,7084.701,2219.44,6870.617571428572,7482.567735875534
2023-02-27,833.6885,17154.928,1867.833,9856.2435,6722.882642857143,7606.979245110909
2023-03-01,321.176,833.6885,561.9345,3850.578,6688.488571428571,7639.950748864694
2023-03-02,2244.24,321.176,2554.1145,3133.044,6644.220785714286,7668.742439438261
2023-03-03,18826.0215,2244.24,4676.238,5423.283,8665.618428571428,8839.10475291959
2023-03-04,14745.684,18826.0215,18172.234,1079.5030000000002,8176.111285714286,8303.541152505355
2023-03-05,12225.0565,14745.684,3107.041,4295.984,9478.684928571429,8088.2051073297725
2023-03-07,8830.819,12225.0565,17154.928,3923.766000000001,8289.526500000002,7349.724590548319
2023-03-08,3091.756,8830.819,833.6885,9848.712,8612.10757142857,7009.631438199659
2023-03-11,478.992,3091.756,321.176,3497.325,8634.652714285714,6978.7064463769575
2023-03-12,8513.164,478.992,2244.24,1642.1794999999995,9530.213285714286,6400.224549151013
2023-03-13,5968.393,8513.164,18826.0215,4960.776,7693.4092142857135,4973.84517066625
2023-03-14,2580.768,5968.393,14745.684,4927.1900000000005,5955.564071428571,4157.294694058592
2023-03-15,3092.117,2580.768,12225.0565,17151.248,4650.858428571429,3180.0312146508336
2023-03-16,23679.91,3092.117,8830.819,564.129,6772.157142857143,7893.129574084254
2023-03-17,772.083,23679.91,3091.756,6056.64,6440.775285714286,8118.864929291076
2023-03-18,14149.7475,772.083,478.992,4196.025000000001,8393.740357142857,8089.939133513329
2023-03-19,6524.4315,14149.7475,8513.164,7717.0155,8109.635714285715,8119.91108904495
2023-03-20,11278.81,6524.4315,5968.393,12116.8525,8868.266714285714,8134.574716363428
2023-03-21,6016.521000000001,11278.81,2580.768,514.805,9359.088571428572,7788.252968041604
2023-03-22,2817.3165,6016.521000000001,3092.117,13970.394,9319.831357142857,7825.709414280682
2023-03-23,3600.0700000000006,2817.3165,23679.91,2817.6715,6451.282785714286,4767.147680176562
2023-03-24,12449.8305,3600.0700000000006,772.083,10351.907,8119.53242857143,4483.340428853074
2023-03-25,5777.96,12449.8305,14149.7475,7084.701,6923.562785714285,3644.8390986444015
2023-03-26,3075.3,5777.96,6524.4315,1867.833,6430.8297142857145,3929.7886257185883
2023-03-27,8534.218,3075.3,11278.81,561.9345,6038.745142857144,3476.220387832706
2023-03-29,17653.833,8534.218,6016.521000000001,2554.1145,7701.218285714286,5598.626356382355
2023-03-30,6404.909000000001,17653.833,2817.3165,4676.238,8213.7315,5229.036479414388
2023-03-31,4895.567999999999,6404.909000000001,3600.0700000000006,18172.234,8398.802642857143,5058.680860642746
2023-04-02,5110.4295,4895.567999999999,12449.8305,3107.041,7350.316785714285,4834.749655323704
2023-04-05,8763.33,5110.4295,5777.96,17154.928,7776.7982142857145,4804.510398186028
2023-04-06,4687.152,8763.33,3075.3,833.6885,8007.062785714287,4574.760410087031
2023-04-08,7212.9225,4687.152,8534.218,321.176,7818.306285714287,4576.642872921847
2023-04-10,4007.4845,7212.9225,17653.833,2244.24,5868.82792857143,1676.080536940571
2023-04-11,1313.604,4007.4845,6404.909000000001,18826.0215,5141.498642857144,2366.9636912138494
2023-04-12,11041.627499999999,1313.604,4895.567999999999,14745.684,6019.507142857144,3239.594852766728
2023-04-13,336.6765,11041.627499999999,5110.4295,12225.0565,5337.54242857143,3898.3428042005653
2023-04-14,9586.81,336.6765,8763.33,8830.819,5455.182428571429,4029.1818842087114
2023-04-15,9366.676,9586.81,4687.152,3091.756,6123.685857142858,4261.992361135166
2023-04-17,8481.375,9366.676,7212.9225,478.992,6304.893357142858,4342.232180228219
2023-04-18,11789.693,8481.375,4007.4845,8513.164,7416.637428571428,4641.8925261321365
2023-04-20,3174.6000000000004,11789.693,1313.604,5968.393,7682.494000000001,4272.706087171349
2023-04-22,10389.74,3174.6000000000004,11041.627499999999,2580.768,7589.367214285716,4193.661858294372
2023-04-23,7996.1759999999995,10389.74,336.6765,3092.117,8683.58142857143,2729.5798289026025
2023-04-25,2277.5155,7996.1759999999995,9586.81,23679.91,7639.396500000002,3589.1791059535376
2023-04-26,11702.663999999999,2277.5155,9366.676,772.083,7973.109071428573,3873.8512204869694
2023-04-27,10054.148,11702.663999999999,8481.375,14149.7475,8197.790928571429,3953.0442884859694
2023-04-28,9415.317000000001,10054.148,11789.693,6524.4315,7858.594357142857,3686.339284569957
2023-04-29,6141.6675000000005,9415.317000000001,3174.6000000000004,11278.81,8282.461142857142,3195.9603996449546
2023-04-30,6281.84,6141.6675000000005,10389.74,6016.521000000001,7695.618285714287,3120.794403652726
2023-05-02,9000.338,6281.84,7996.1759999999995,2817.3165,7839.070000000001,3159.748304642043
2023-05-03,175.5,9000.338,2277.5155,3600.0700000000006,7538.782071428572,3809.46765529077
2023-05-04,716.04,175.5,11702.663999999999,12449.8305,5969.264357142858,4062.849135155456
2023-05-05,7804.224000000001,716.04,10054.148,5777.96,5647.846642857144,3763.8211004252194
2023-05-06,9055.552,7804.224000000001,9415.317000000001,3075.3,5596.451642857144,3705.811392102312
2023-05-07,551.3515,9055.552,6141.6675000000005,8534.218,4797.835071428572,4145.067039394871
2023-05-09,424.863,551.3515,6281.84,17653.833,3961.1240714285727,4380.059010129309
2023-05-10,24318.594,424.863,9000.338,6404.909000000001,6149.446357142858,8856.458335446461
2023-05-11,868.1385,24318.594,175.5,4895.567999999999,6248.394714285715,8782.148253201152
2023-05-12,4744.523,868.1385,716.04,5110.4295,6823.892285714287,8486.195328419486
2023-05-13,5563.6665,4744.523,7804.224000000001,8763.33,6503.812642857143,8485.311120097249
2023-05-14,3784.3,5563.6665,9055.552,4687.152,5750.776642857144,8454.958718368294
2023-05-16,306.576,3784.3,551.3515,7212.9225,5715.808714285716,8480.51394970831
2023-05-17,859.7835,306.576,424.863,4007.4845,5777.940214285715,8436.77024670774
2023-05-19,2486.9955,859.7835,24318.594,1313.604,2659.1404285714298,2084.0922389040797
2023-05-20,3880.3720000000003,2486.9955,868.1385,11041.627499999999,3089.459500000001,1959.9379191623461
2023-05-21,2058.411,3880.3720000000003,4744.523,336.6765,2705.7292142857154,1841.2506246625792
2023-05-23,4895.021,2058.411,5563.6665,9586.81,2610.2084285714295,1678.4192278906278
2023-05-24,12299.652,4895.021,3784.3,9366.676,3826.687285714287,4063.0576881618645
2023-05-25,8991.152,12299.652,306.576,8481.375,5067.341,4134.339679519167
2023-05-26,1314.355,8991.152,859.7835,11789.693,5132.279785714287,4060.1402273205476
2023-05-27,2435.553,1314.355,2486.9955,3174.6000000000004,5124.930857142857,4065.768897152649
2023-05-28,9009.711,2435.553,3880.3720000000003,10389.74,5857.693571428573,4261.589335596834
2023-05-29,909.225,9009.711,2058.411,7996.1759999999995,5693.524142857144,4450.299501673064
2023-05-30,811.984,909.225,4895.021,2277.5155,5110.233142857143,4824.265437866426
2023-06-01,502.884,811.984,12299.652,11702.663999999999,3424.980571428572,3857.9055436889207
2023-06-02,893.376,502.884,8991.152,10054.148,2268.1554285714296,3037.533471968179
2023-06-03,146.79899999999998,893.376,1314.355,9415.317000000001,2101.361714285715,3129.3059506751147
2023-06-05,4138.395,146.79899999999998,2435.553,6141.6675000000005,2344.624857142858,3224.3582434477175
2023-06-08,1037.16,4138.395,9009.711,6281.84,1205.689000000001,1328.205766356302
2023-06-09,855.5759999999999,1037.16,909.225,9000.338,1198.0248571428583,1330.354613287102
2023-06-10,636.803,855.5759999999999,811.984,175.5,1172.9990000000012,1340.4364188226655
2023-06-12,2413.44,636.803,502.884,716.04,1445.9355714285725,1375.305900186723
2023-06-13,14961.215,2413.44,893.376,7804.224000000001,3455.626857142858,5250.9402399282635
2023-06-14,3016.152,14961.215,146.79899999999998,9055.552,3865.53442857143,5058.04420802221
2023-06-17,9379.934500000001,3016.152,4138.395,551.3515,4614.325785714287,5475.889623955336
2023-06-18,4409.213,9379.934500000001,1037.16,424.863,5096.047642857144,5252.519516151029
2023-06-19,10536.937000000002,4409.213,855.5759999999999,24318.594,6479.099214285716,5224.391883327381
2023-06-20,4314.529500000001,10536.937000000002,636.803,868.1385,7004.488714285716,4697.274411986807
2023-06-21,6972.497,4314.529500000001,2413.44,4744.523,7655.782571428573,4249.320156672324
2023-06-22,4506.88,6972.497,14961.215,5563.6665,6162.306142857145,2865.695735781207
2023-06-23,15789.476000000002,4506.88,3016.152,3784.3,7987.0667142857155,4257.329520306282
2023-06-24,4279.68,15789.476000000002,9379.934500000001,306.576,7258.45892857143,4412.8161512762135
2023-06-25,6735.4515,4279.68,4409.213,859.7835,7590.778714285717,4246.958865643449
2023-06-26,4956.588,6735.4515,10536.937000000002,2486.9955,6793.586000000001,4123.721138073791
2023-06-27,9092.980000000001,4956.588,4314.529500000001,3880.3720000000003,7476.221785714288,4039.595822873433
2023-06-28,11204.34,9092.980000000001,6972.497,2058.411,8080.770785714288,4262.174264762017
2023-06-29,1138.14,11204.34,4506.88,4895.021,7599.5222142857165,4878.575651854714
2023-06-30,12306.583999999999,1138.14,15789.476000000002,12299.652,7101.966214285715,4003.147848374283
2023-07-01,5013.4349999999995,12306.583999999999,4279.68,8991.152,7206.788357142858,3925.7887861746617
2023-07-03,7450.681500000001,5013.4349999999995,6735.4515,1314.355,7308.9640714285715,3920.7812116556393
2023-07-04,10934.984499999999,7450.681500000001,4956.588,2435.553,8163.020714285715,3973.7390784281024
2023-07-05,639.1575,10934.984499999999,9092.980000000001,9009.711,6955.331785714286,4835.247652006348
2023-07-06,3017.736,639.1575,11204.34,909.225,5785.816928571429,4621.578985160444
2023-07-07,215.73,3017.736,1138.14,811.984,5654.044071428571,4786.393437909346
2023-07-09,1942.6634999999999,215.73,12306.583999999999,502.884,4173.484000000001,3907.919826534964
2023-07-10,622.3829999999999,1942.6634999999999,5013.4349999999995,893.376,3546.190857142858,4098.401071231343
2023-07-11,8005.811,622.3829999999999,7450.681500000001,146.79899999999998,3625.4950714285724,4190.872792422742
2023-07-12,1512.558,8005.811,10934.984499999999,4138.395,2279.434142857144,2699.789984765759
2023-07-13,8133.444,1512.558,639.1575,1037.16,3350.046500000001,3348.8466666053605
2023-07-14,8709.9,8133.444,3017.736,855.5759999999999,4163.212785714287,3900.3753536059053
2023-07-15,3456.96,8709.9,215.73,636.803,4626.245642857144,3528.289105226491
2023-07-18,7124.754,3456.96,1942.6634999999999,2413.44,5366.544285714287,3413.150557996177
2023-07-19,10531.0,7124.754,622.3829999999999,14961.215,6782.0610000000015,3163.234208061165
2023-07-21,11952.037,10531.0,8005.811,3016.152,7345.807571428572,3720.275982835676
2023-07-22,7565.4675,11952.037,1512.558,9379.934500000001,8210.50892857143,2702.782861950473
2023-07-23,2368.698,7565.4675,8133.444,4409.213,7386.973785714287,3492.934682909557
2023-07-24,7350.34,2368.698,8709.9,10536.937000000002,7192.750928571429,3444.57803009767
2023-07-26,14194.8555,7350.34,3456.96,4314.529500000001,8726.736,3868.5111262657924
2023-07-27,7723.125,14194.8555,7124.754,6972.497,8812.217571428571,3833.6668482857913
2023-07-29,3269.844,7723.125,10531.0,4506.88,7774.909571428572,4250.757688975954
2023-07-30,475.479,3269.844,11952.037,15789.476000000002,6135.401285714287,4572.2173096947
2023-07-31,7683.296,475.479,7565.4675,4279.68,6152.233928571431,4578.572049352002
2023-08-01,2356.038,7683.296,2368.698,6735.4515,6150.425357142857,4580.317830592136
2023-08-02,3219.0425,2356.038,7350.34,4956.588,5560.240000000001,4665.312558124208
2023-08-03,776.8625,3219.0425,14194.8555,9092.980000000001,3643.3838571428582,2977.54375164471
2023-08-05,8380.310000000001,776.8625,7723.125,11204.34,3737.2674285714297,3133.876283801037
2023-08-06,22418.7635,8380.310000000001,3269.844,1138.14,6472.827357142858,7695.495190029543
2023-08-07,2984.8500000000004,22418.7635,475.479,12306.583999999999,6831.30892857143,7423.1856681868385
2023-08-08,1605.92,2984.8500000000004,7683.296,5013.4349999999995,5963.112357142859,7658.596077444831
2023-08-09,3100.9615,1605.92,2356.038,7450.681500000001,6069.530000000001,7605.110259696296
2023-08-10,2295.78,3100.9615,3219.0425,10934.984499999999,5937.635357142858,7670.510077237042
2023-08-11,8917.02,2295.78,776.8625,639.1575,7100.515000000001,7368.8248949051085
2023-08-12,2311.882,8917.02,8380.310000000001,3017.736,6233.596714285716,7547.955369486529
2023-08-13,875.14,2311.882,22418.7635,215.73,3155.936214285716,2654.532506337868
2023-08-14,3532.6935000000003,875.14,2984.8500000000004,1942.6634999999999,3234.199571428573,2656.7228073746455
2023-08-15,9413.712,3532.6935000000003,1605.92,622.3829999999999,4349.598428571429,3395.470847807797
2023-08-16,11059.542000000001,9413.712,3100.9615,8005.811,5486.5385000000015,4155.14045370508
2023-08-17,6545.376,11059.542000000001,2295.78,1512.558,6093.623642857144,3914.7474075908904
2023-08-18,2375.648,6545.376,8917.02,8133.444,5159.14192857143,3909.1871909313095
2023-08-19,5510.1675,2375.648,2311.882,8709.9,5616.039857142859,3702.375516553902
2023-08-20,2640.7394999999997,5510.1675,875.14,3456.96,5868.268357142858,3370.866679845064
2023-08-21,362.3295,2640.7394999999997,3532.6935000000003,7124.754,5415.359214285715,3907.279935863966
2023-08-22,11234.82,362.3295,9413.712,10531.0,5675.517500000001,4262.365178420842
2023-08-23,10464.778999999999,11234.82,11059.542000000001,11952.037,5590.551357142858,4141.362752083045
2023-08-24,3362.1,10464.778999999999,6545.376,7565.4675,5135.797642857144,4193.487240829386
2023-08-25,6742.719999999999,3362.1,2375.648,2368.698,5759.665071428572,4036.3207434883884
2023-08-26,6879.384,6742.719999999999,5510.1675,7350.34,5955.267428571429,4055.3464778384723
2023-08-27,3637.08,6879.384,2640.7394999999997,14194.8555,6097.601785714287,3935.3334126442433
2023-08-28,5185.5085,3637.08,362.3295,7723.125,6786.627357142858,3096.674741181538
2023-08-29,1424.979,5185.5085,11234.82,3269.844,5385.221500000001,2965.06473787321
2023-08-30,5540.7119999999995,1424.979,10464.778999999999,475.479,4681.783357142857,1979.4001512526768
2023-08-31,4556.637000000001,5540.7119999999995,3362.1,7683.296,4852.431500000001,1896.4177493209334
2023-09-01,4650.349999999999,4556.637000000001,6742.719999999999,2356.038,4553.521500000001,1703.94726455696
2023-09-02,1671.012,4650.349999999999,6879.384,3219.0425,3809.468357142858,1655.5229171504402
2023-09-03,9621.565999999999,1671.012,3637.08,776.8625,4664.394928571429,2741.015685895363
2023-09-04,1623.72,9621.565999999999,5185.5085,8380.310000000001,4155.568000000001,2950.7290823960334
2023-09-05,9216.187,1623.72,1424.979,22418.7635,5268.5977142857155,3207.3539215435753
2023-09-06,10513.199499999999,9216.187,5540.7119999999995,2984.8500000000004,5978.953071428572,3777.6157304249105
2023-09-07,3170.6345,10513.199499999999,4556.637000000001,1605.92,5780.952714285714,3898.964068444081
2023-09-08,16368.7345,3170.6345,4650.349999999999,3100.9615,7455.007642857143,5513.878945584207
2023-09-09,4973.472,16368.7345,1671.012,2295.78,7926.787642857144,5059.027329614538
2023-09-10,3568.902,4973.472,9621.565999999999,8917.02,7062.121357142859,5235.263511794239
2023-09-11,2015.195,3568.902,1623.72,2311.882,7118.046357142858,5169.159624175222
2023-09-12,3566.43,2015.195,9216.187,875.14,6310.938214285716,5227.700052484387
2023-09-13,2814.2325,3566.43,10513.199499999999,3532.6935000000003,5211.085785714286,5001.22169106269
2023-09-14,3870.5175,2814.2325,3170.6345,9413.712,5311.069071428573,4960.460591791016
2023-09-16,11664.833499999999,3870.5175,16368.7345,11059.542000000001,4639.083214285715,3229.407025921472
2023-09-17,10389.702,11664.833499999999,4973.472,6545.376,5412.830357142858,3901.739494667029
2023-09-18,12270.949999999999,10389.702,3568.902,2375.648,6655.980071428572,4548.94147522318
2023-09-19,1861.704,12270.949999999999,2015.195,5510.1675,6634.052785714286,4575.333186390191
2023-09-20,12742.1315,1861.704,3566.43,2640.7394999999997,7944.8672857142865,4855.799214161443
2023-09-22,3595.891,12742.1315,2814.2325,362.3295,8056.532785714286,4725.385578475711
2023-09-23,7759.09,3595.891,3870.5175,11234.82,8612.043142857143,4366.180999681648
2023-09-24,1355.562,7759.09,11664.833499999999,10464.778999999999,7139.2900714285715,4873.998999419389
2023-09-26,2344.215,1355.562,10389.702,3362.1,5989.934785714286,4928.076732757721
2023-09-29,4233.482,2344.215,12270.949999999999,6742.719999999999,4841.725071428572,4084.9503696328748
2023-09-30,5750.332,4233.482,1861.704,6879.384,5397.243357142857,3870.95496698019
2023-10-01,179.76600000000002,5750.332,12742.1315,3637.08,3602.619714285716,2602.4259241149707
2023-10-02,1188.432,179.76600000000002,3595.891,5185.5085,3258.6970000000006,2757.8977909945156
2023-10-04,520.704,1188.432,7759.09,1424.979,2224.641857142858,2057.2708295923503
2023-10-06,1084.49,520.704,1355.562,5540.7119999999995,2185.9172857142867,2078.7948796509545
2023-10-07,6904.802999999999,1084.49,2344.215,4556.637000000001,2837.429857142858,2744.6879820547147
2023-10-08,2726.64,6904.802999999999,4233.482,4650.349999999999,2622.166714285715,2675.1578761876867
2023-10-09,1311.687,2726.64,5750.332,1671.012,1988.0745714285724,2311.429827420986
2023-10-11,1656.6924999999999,1311.687,179.76600000000002,9621.565999999999,2199.0640714285723,2182.676693364477
2023-10-13,376.35,1656.6924999999999,1188.432,1623.72,2083.052357142858,2265.361033182205
2023-10-16,2768.262,376.35,520.704,9216.187,2404.132071428572,2164.027812863431
2023-10-18,9376.103,2768.262,1084.49,10513.199499999999,3588.6482142857153,3295.0334402050066
2023-10-19,11621.85,9376.103,6904.802999999999,3170.6345,4262.512071428572,4387.487381061789
2023-10-20,3469.284,11621.85,2726.64,16368.7345,4368.604071428573,4353.002647217945
2023-10-21,3745.644,3469.284,1311.687,4973.472,4716.3122142857155,4161.106080536306
2023-10-22,6619.255999999999,3745.644,1656.6924999999999,3568.902,5425.249857142859,3971.368300434606
2023-10-23,9703.119999999999,6619.255999999999,376.35,2015.195,6757.645571428572,3535.826916053814
2023-10-24,1798.0500000000002,9703.119999999999,2768.262,3566.43,6619.0438571428585,3731.8531095483227
2023-10-25,1753.7030000000002,1798.0500000000002,9376.103,2814.2325,5530.1295714285725,3901.5038142365893
2023-10-26,7308.373500000001,1753.7030000000002,11621.85,3870.5175,4913.918642857143,3020.084833389251
2023-10-28,2769.6315,7308.373500000001,3469.284,11664.833499999999,4813.968285714286,3086.7064968893965
2023-10-29,215.28,2769.6315,3745.644,10389.702,4309.630571428572,3544.7769898588735
2023-10-31,1347.5790000000002,215.28,6619.255999999999,12270.949999999999,3556.5338571428583,3532.2787902198224
2023-11-03,1378.224,1347.5790000000002,9703.119999999999,1861.704,2367.2630000000013,2306.7262925207156
2023-11-04,8737.6095,1378.224,1798.0500000000002,12742.1315,3358.6286428571443,3299.0803606830705
2023-11-05,7031.352000000001,8737.6095,1753.7030000000002,3595.891,4112.578500000001,3469.8130397969685
2023-11-06,1961.3494999999998,7031.352000000001,7308.373500000001,7759.09,3348.7179285714296,3229.2392010917033
2023-11-08,5096.75,1961.3494999999998,2769.6315,1355.562,3681.1634285714294,3279.089046897521
2023-11-09,2338.1145,5096.75,215.28,2344.215,3984.4255000000016,2990.602145645045
2023-11-10,2191.2065,2338.1145,1347.5790000000002,4233.482,4104.943714285715,2881.6433274203364
2023-11-11,4327.307999999999,2191.2065,1378.224,5750.332,4526.24142857143,2620.280287985973
2023-11-12,2085.5065,4327.307999999999,8737.6095,179.76600000000002,3575.941000000001,1961.9413154809422
2023-11-13,9426.537,2085.5065,7031.352000000001,1188.432,3918.110285714287,2725.3541662212738
2023-11-15,4221.117,9426.537,1961.3494999999998,520.704,4240.934214285715,2585.173277958458
2023-11-16,11054.034,4221.117,5096.75,1084.49,5091.974785714287,3667.7591458982765
2023-11-19,8296.636,11054.034,2338.1145,6904.802999999999,5943.192142857143,3613.1438991393293
2023-11-20,2231.322,8296.636,2191.2065,2726.64,5948.922928571429,3606.2262550395712
2023-11-21,4019.187,2231.322,4327.307999999999,1311.687,5904.905642857144,3631.1130052777326
2023-11-22,1054.348,4019.187,2085.5065,1656.6924999999999,5757.597285714286,3827.4902854702677
2023-11-23,6608.658,1054.348,9426.537,376.35,5355.043142857145,3512.523503101275
2023-11-24,2667.6,6608.658,4221.117,2768.262,5133.112142857144,3642.7717635142694
2023-11-25,1460.35,2667.6,11054.034,9376.103,3762.5858571428585,2735.6348058880653
2023-11-26,13557.375,1460.35,8296.636,11621.85,4514.120000000001,4403.196668842733
2023-11-27,13852.655999999999,13557.375,2231.322,3469.284,6174.310571428572,5462.482710991951
2023-11-28,4958.23,13852.655999999999,4019.187,3745.644,6308.459571428572,5412.0333036051525
2023-11-29,11637.002,4958.23,1054.348,6619.255999999999,7820.267285714288,5172.513330565024
2023-11-30,14963.862499999997,11637.002,6608.658,9703.119999999999,9013.86792857143,5775.227888594107
2023-12-01,5614.771000000001,14963.862499999997,2667.6,1798.0500000000002,9434.892357142859,5325.370962252347
2023-12-03,10716.7575,5614.771000000001,1460.35,1753.7030000000002,10757.236285714285,3999.315639252158
2023-12-04,241.371,10716.7575,13557.375,7308.373500000001,8854.95,5375.545671410706
2023-12-06,3150.678,241.371,13852.655999999999,2769.6315,7326.0960000000005,5237.347285074612
2023-12-07,6651.4795,3150.678,4958.23,215.28,7567.988785714288,5148.099531162323
2023-12-08,5732.27,6651.4795,11637.002,1347.5790000000002,6724.455642857143,4845.095982486242
2023-12-09,14882.553,5732.27,14963.862499999997,1378.224,6712.840000000001,4822.093479427125
2023-12-10,660.858,14882.553,5614.771000000001,8737.6095,6005.138142857143,5345.252571446626
2023-12-11,8136.799999999999,660.858,10716.7575,7031.352000000001,5636.5727857142865,5046.848730718576
2023-12-12,9163.238,8136.799999999999,241.371,1961.3494999999998,6911.125214285715,4560.370427888707
2023-12-13,1244.298,9163.238,3150.678,5096.75,6638.7852142857155,4868.857746489605
2023-12-16,3659.57,1244.298,6651.4795,2338.1145,6211.369571428572,4997.189672858467
2023-12-17,421.056,3659.57,5732.27,2191.2065,5452.6247142857155,5463.51178741875
2023-12-18,4358.7585,421.056,14882.553,4327.307999999999,3949.225500000001,3548.5043268495306
2023-12-19,3315.5899999999997,4358.7585,660.858,2085.5065,4328.472928571429,3269.3687105534786
2023-12-20,4424.34,3315.5899999999997,8136.799999999999,9426.537,3798.1215000000007,2818.6745567485877
2023-12-21,4151.272,4424.34,9163.238,4221.117,3082.126357142858,1603.187161359317
2023-12-23,3438.985,4151.272,1244.298,11054.034,3395.6530714285727,1383.4074154511793
2023-12-25,10454.676000000001,3438.985,3659.57,8296.636,4366.382500000001,3017.9142813981102
2023-12-26,2373.061,10454.676000000001,421.056,2231.322,4645.240357142859,2661.773755052817
2023-12-28,6765.139999999999,2373.061,4358.7585,4019.187,4989.009142857144,2771.729331831822
2023-12-29,7686.036,6765.139999999999,3315.5899999999997,1054.348,5613.358571428573,2823.7043551390675
2023-12-30,2466.343,7686.036,4424.34,6608.658,5333.644714285716,3049.1009784813564
2024-01-01,5342.0575,2466.343,4151.272,2667.6,5503.756928571429,3005.040183957267
2024-01-02,10835.128,5342.0575,3438.985,1460.35,6560.348785714287,3428.4867643362254
2024-01-03,2040.368,10835.128,10454.676000000001,13557.375,5358.3047857142865,3308.504253312471
2024-01-04,103.13,2040.368,2373.061,13852.655999999999,5034.02892857143,3733.7715541773046
2024-01-05,5300.943,103.13,6765.139999999999,4958.23,4824.8579285714295,3660.931806291914
2024-01-06,2832.6675,5300.943,7686.036,11637.002,4131.519571428572,3484.058609026447
2024-01-07,2159.445,2832.6675,2466.343,14963.862499999997,4087.677000000001,3510.337026804836
2024-01-08,7056.110000000001,2159.445,5342.0575,5614.771000000001,4332.541642857143,3668.6330204859664
2024-01-09,14704.154,7056.110000000001,10835.128,10716.7575,4885.259642857144,4897.302704483864
2024-01-10,8777.95,14704.154,2040.368,241.371,5847.7713571428585,4907.070932713724
2024-01-11,3209.175,8777.95,103.13,3150.678,6291.492071428574,4416.9963538554
2024-01-12,1869.966,3209.175,5300.943,6651.4795,5801.352500000002,4724.866637992455
2024-01-13,5360.379499999999,1869.966,2832.6675,5732.27,6162.454214285715,4553.6577587321335
2024-01-14,7844.682,5360.379499999999,2159.445,14882.553,6974.63092857143,4215.115347349055
2024-01-15,5968.332,7844.682,7056.110000000001,660.858,6819.234071428573,4231.629823146146
2024-01-16,2296.3849999999998,5968.332,14704.154,8136.799999999999,5046.695642857144,2699.725289680469
2024-01-17,2029.293,2296.3849999999998,8777.95,9163.238,4082.601785714287,2324.0489349481395
2024-01-18,534.96,2029.293,3209.175,1244.298,3700.571071428572,2683.5448053939413
2024-01-19,800.4419999999999,534.96,1869.966,3659.57,3547.781928571429,2831.510150182551
2024-01-20,8243.397,800.4419999999999,5360.379499999999,421.056,3959.641571428572,3308.589598018525
2024-01-22,3384.1425,8243.397,7844.682,4358.7585,3322.4216428571444,2830.662647882384
2024-01-23,15847.212,3384.1425,5968.332,3315.5899999999997,4733.690214285715,5537.804696871125
2024-01-24,5462.0805,15847.212,2296.3849999999998,4424.34,5185.93242857143,5433.877064647175
2024-01-25,14096.081999999999,5462.0805,2029.293,4151.272,6909.759428571429,6134.4309155224455
2024-01-27,1659.744,14096.081999999999,534.96,3438.985,7070.442857142858,5951.628853237104
2024-01-28,10741.294,1659.744,800.4419999999999,10454.676000000001,8490.564571428573,5363.088873973795
2024-01-29,23546.244,10741.294,8243.397,2373.061,10676.685571428572,7807.420078381682
2024-01-30,1241.4599999999998,23546.244,3384.1425,6765.139999999999,10370.588071428572,8174.363146044464
2024-01-31,1161.45,1241.4599999999998,15847.212,7686.036,8272.622071428572,8415.52000833383
2024-02-01,1880.1915,1161.45,5462.0805,2466.343,7760.923642857143,8718.343112629365
2024-02-03,13734.851999999999,1880.1915,14096.081999999999,5342.0575,7709.319357142858,8675.559418727815
2024-02-04,10719.54,13734.851999999999,1659.744,10835.128,9003.57592857143,8289.85678580951
2024-02-05,5521.124,10719.54,10741.294,2040.368,8257.837357142858,8342.11482375242
2024-02-06,2168.9280000000003,5521.124,23546.244,103.13,5203.935071428573,5092.486028181239
2024-02-07,13140.366,2168.9280000000003,1241.4599999999998,5300.943,6903.778785714288,5517.54671184942
2024-02-08,2571.911,13140.366,1161.45,2832.6675,7105.273214285716,5294.123611783966
2024-02-09,7075.52,2571.911,1880.1915,2159.445,7847.463000000002,4778.597344545048
2024-02-10,8466.237,7075.52,13734.851999999999,7056.110000000001,7094.803714285716,4057.2161126998876
2024-02-13,6675.527,8466.237,10719.54,14704.154,6517.087571428573,3729.7632574792633
2024-02-14,515.4984999999999,6675.527,5521.124,8777.95,5801.998214285716,4376.346691150038
2024-02-15,13610.844000000001,515.4984999999999,2168.9280000000003,3209.175,7436.557642857144,4898.823733157012
2024-02-16,318.25,13610.844000000001,13140.366,1869.966,5604.826785714286,4806.957669245961
2024-02-17,6792.94,318.25,2571.911,5360.379499999999,6207.8309285714295,4624.370030540025
2024-02-18,5536.3,6792.94,7075.52,7844.682,5987.942357142858,4612.81551138741
2024-02-19,3667.14,5536.3,8466.237,5968.332,5302.357071428572,4539.133371925522
2024-02-20,2523.006,3667.14,6675.527,2296.3849999999998,4709.1397857142865,4600.692703238549
2024-02-21,1769.47,2523.006,515.4984999999999,2029.293,4888.278571428572,4431.490275700307
2024-02-22,2992.0459999999994,1769.47,13610.844000000001,534.96,3371.307428571429,2207.2900637496127
2024-02-23,1634.992,2992.0459999999994,318.25,800.4419999999999,3559.4134285714294,1944.167391963913
2024-02-24,4174.8009999999995,1634.992,6792.94,8243.397,3185.3935714285726,1391.7909857463424
2024-02-25,231.88,4174.8009999999995,5536.3,3384.1425,2427.6192857142864,1341.6048345243416
2024-02-26,10762.214,231.88,3667.14,15847.212,3441.2012857142868,3452.946552035964
2024-02-28,3992.736,10762.214,2523.006,5462.0805,3651.162714285715,3432.432584801491
2024-02-29,5039.5005,3992.736,1769.47,14096.081999999999,4118.30992857143,3355.3114458716536
2024-03-01,9227.94,5039.5005,2992.0459999999994,1659.744,5009.151928571429,3804.2375964197654
2024-03-03,8737.228500000001,9227.94,1634.992,10741.294,6023.757142857145,3700.0219741002606
2024-03-04,1500.508,8737.228500000001,4174.8009999999995,23546.244,5641.715285714287,4044.758496680887
2024-03-05,550.8,1500.508,231.88,1241.4599999999998,5687.275285714287,3974.8584547417827
2024-03-06,2551.887,550.8,10762.214,1161.45,4514.3714285714295,3397.124542735319
2024-03-07,2819.61,2551.887,3992.736,1880.1915,4346.782000000001,3455.580998341143
2024-03-09,12323.4225,2819.61,5039.5005,13734.851999999999,5387.342285714287,4604.59580211509
2024-03-12,507.8795,12323.4225,9227.94,10719.54,4141.6193571428585,4571.834095414181
2024-03-14,16232.839,507.8795,8737.228500000001,5521.124,5212.420857142859,6356.907792145433
2024-03-15,7203.402,16232.839,1500.508,2168.9280000000003,6027.120000000001,6164.430577455646
2024-03-17,1131.4279999999999,7203.402,550.8,13140.366,6110.066857142859,6081.814205951978
2024-03-19,1659.6799999999998,1131.4279999999999,2551.887,2571.911,5982.608714285715,6177.409981126182
2024-03-21,31722.7755,1659.6799999999998,2819.61,7075.52,10111.632357142857,11270.700481309983
2024-03-22,16557.1715,31722.7755,12323.4225,8466.237,10716.453642857145,11520.014711571179
2024-03-23,1301.68,16557.1715,507.8795,6675.527,10829.853714285715,11406.119654316599
2024-03-24,4554.37,1301.68,16232.839,515.4984999999999,9161.501,11338.011537943894
2024-03-25,2811.816,4554.37,7203.402,13610.844000000001,8534.131571428572,11583.265478794361
2024-03-26,8261.694,2811.816,1131.4279999999999,318.25,9552.741,11128.368260152647
2024-03-29,3416.322,8261.694,1659.6799999999998,6792.94,9803.68985714286,10938.905183586457
2024-03-30,750.006,3416.322,31722.7755,5536.3,5379.008500000001,5514.165392777327
2024-03-31,6526.03,750.006,16557.1715,3667.14,3945.9882857142866,2721.0788791228842
2024-04-01,10837.576000000001,6526.03,1301.68,2523.006,5308.259142857144,3462.580042268654
2024-04-03,2521.723,10837.576000000001,4554.37,1769.47,5017.881000000001,3618.078722874208
2024-04-04,1642.34,2521.723,2811.816,2992.0459999999994,4850.813000000001,3761.097670263704
2024-04-05,8865.3625,1642.34,8261.694,1634.992,4937.051357142858,3858.012727291706
2024-04-06,3634.445,8865.3625,3416.322,4174.8009999999995,4968.211785714287,3844.540327128422
2024-04-07,8984.925,3634.445,750.006,231.88,6144.628785714287,3590.1710324036353
2024-04-08,6105.738,8984.925,6526.03,10762.214,6084.587071428572,3586.241737674586
2024-04-09,985.27,6105.738,10837.576000000001,3992.736,4677.114785714287,3334.468023555865
2024-04-10,10829.3095,985.27,2521.723,5039.5005,5863.912857142858,3874.1971300910327
2024-04-11,11585.9815,10829.3095,1642.34,9227.94,7284.433071428573,3891.2651933074567
2024-04-13,7465.635,11585.9815,8865.3625,8737.228500000001,7084.472000000001,3831.998479863641
2024-04-15,286.86,7465.635,3634.445,1500.508,6606.2455714285725,4487.189415082848
2024-04-16,3582.179,286.86,8984.925,550.8,5834.424714285716,4474.4855167357355
2024-04-17,2105.705,3582.179,6105.738,2551.887,5262.9914285714285,4684.551057205829
2024-04-19,5479.544,2105.705,985.27,2819.61,5905.030571428572,4292.097510045203
2024-04-20,17632.2035,5479.544,10829.3095,12323.4225,6876.872571428573,6016.634303245119
2024-04-21,8807.773,17632.2035,11585.9815,507.8795,6479.985642857145,5739.473915486875
2024-04-22,1910.85,8807.773,7465.635,16232.839,5686.44492857143,5960.242064020463
2024-04-23,5965.789,1910.85,286.86,7203.402,6497.720500000001,5469.0378817198825
2024-04-24,688.3699999999999,5965.789,3582.179,1131.4279999999999,6084.319214285715,5824.003759478798
2024-04-25,10154.574,688.3699999999999,2105.705,1659.6799999999998,7234.157642857144,5700.830682370119
2024-04-26,13342.905999999999,10154.574,5479.544,31722.7755,8357.495071428571,6060.827108303838
2024-04-28,2450.97,13342.905999999999,17632.2035,16557.1715,6188.747428571429,4766.9750897208705
2024-04-29,10166.105,2450.97,8807.773,1301.68,6382.794857142858,4916.652087745158
2024-04-30,9480.1295,10166.105,1910.85,4554.37,7464.1205,4590.772294773985
2024-05-02,1042.1,9480.1295,5965.789,2811.816,6760.736357142858,5195.915813186904
2024-05-03,6514.2545,1042.1,688.3699999999999,8261.694,7593.005571428572,4478.162990958832
2024-05-04,2579.72,6514.2545,10154.574,3416.322,6510.883571428572,4667.228761763813
2024-05-05,11827.976,2579.72,13342.905999999999,750.006,6294.465000000001,4319.82307374709
2024-05-06,11590.24,11827.976,2450.97,6526.03,7600.075,4345.604773058375
2024-05-08,11134.256000000001,11590.24,10166.105,10837.576000000001,7738.382285714287,4454.9169110219445
2024-05-11,5265.24,11134.256000000001,9480.1295,2521.723,7136.255214285715,4465.097207611907
2024-05-13,832.1334999999999,5265.24,1042.1,1642.34,7106.260000000001,4513.304097574644
2024-05-14,4159.359,832.1334999999999,6514.2545,8865.3625,6769.846357142858,4650.46627198414
2024-05-16,8384.250500000002,4159.359,2579.72,3634.445,7599.065000000002,4281.684563836809
2024-05-19,9764.9655,8384.250500000002,11827.976,8984.925,7304.349214285716,4004.088976590584
2024-05-20,9669.697,9764.9655,11590.24,6105.738,7029.985928571431,3716.97580987561
2024-05-21,2504.5199999999995,9669.697,11134.256000000001,985.27,5797.166500000001,3556.481357427993
2024-05-22,4179.474,2504.5199999999995,5265.24,10829.3095,5642.057071428573,3606.8667971368377
2024-05-23,1519.6979999999999,4179.474,832.1334999999999,11585.9815,5740.280571428572,3460.4400758879497
2024-05-24,2808.0,1519.6979999999999,4159.359,7465.635,5547.2292857142875,3598.285421674841
2024-05-25,9095.87,2808.0,8384.250500000002,286.86,5648.889214285716,3700.40011837155
2024-05-26,17742.879999999997,9095.87,9764.9655,3582.179,6788.591285714288,5807.866069249781
2024-05-28,10806.833,17742.879999999997,9669.697,2105.705,6951.039285714287,5916.764607715173
2024-05-29,309.96,10806.833,2504.5199999999995,5479.544,6637.530714285715,6240.900141927516
2024-05-30,1061.106,309.96,4179.474,17632.2035,6192.049571428573,6549.27862607819
2024-06-01,552.933,1061.106,1519.6979999999999,8807.773,6053.940285714286,6673.249463436753
2024-06-02,16517.59,552.933,2808.0,1910.85,8012.453142857144,7519.917764745886
2024-06-03,1072.9135,16517.59,9095.87,5965.789,6866.316500000002,7927.620419257707
2024-06-04,8098.166499999999,1072.9135,17742.879999999997,688.3699999999999,5488.500285714287,6416.283598282292
2024-06-05,3919.616,8098.166499999999,10806.833,10154.574,4504.612142857144,5977.91289080135
2024-06-06,10694.6265,3919.616,309.96,13342.905999999999,5988.13592857143,6051.555262391256
2024-06-07,401.926,10694.6265,1061.106,2450.97,5893.967357142858,6145.404380141432
2024-06-09,1837.341,401.926,552.933,10166.105,6077.454214285716,5976.200958563971
2024-06-11,2557.97,1837.341,16517.59,9480.1295,4083.2227857142866,3869.5712156599866
2024-06-12,4224.8,2557.97,1072.9135,1042.1,4533.492285714287,3637.3152212385367
2024-06-13,2640.24,4224.8,8098.166499999999,6514.2545,3753.7885000000015,3316.682783572817
2024-06-14,10143.2585,2640.24,3919.616,2579.72,4642.880285714286,4108.2588935432095
2024-06-15,803.484,10143.2585,10694.6265,11827.976,3229.8599285714295,3301.708969281306
2024-06-16,6224.39,803.484,401.926,11590.24,4061.640500000001,3202.4646841216404
2024-06-17,9575.019999999999,6224.39,1837.341,11134.256000000001,5167.023214285715,3615.508930250027
2024-06-18,7712.424000000001,9575.019999999999,2557.97,5265.24,5903.373785714287,3519.181966616296
2024-06-19,2165.6294999999996,7712.424000000001,4224.8,832.1334999999999,5609.206571428572,3760.656685263944
2024-06-20,6179.85,2165.6294999999996,2640.24,4159.359,6114.865142857145,3525.5323359463378
2024-06-21,15584.5495,6179.85,10143.2585,8384.250500000002,6892.192428571429,4895.466854329816
2024-06-22,1483.11,15584.5495,803.484,9764.9655,6989.281857142859,4759.436104939189
2024-06-23,277.0065,1483.11,6224.39,9669.697,6139.655642857143,5405.705630950905
2024-06-24,16714.0185,277.0065,9575.019999999999,2504.5199999999995,7159.512571428572,6684.117801374073
2024-06-25,1677.28,16714.0185,7712.424000000001,4179.474,6297.349142857143,6983.438350510679
2024-06-26,1433.55,1677.28,2165.6294999999996,1519.6979999999999,6192.7663571428575,7060.6814963065235
2024-06-27,4212.756,1433.55,6179.85,2808.0,5911.752928571429,7100.314940275077
2024-06-28,2745.7374999999997,4212.756,15584.5495,9095.87,4077.6369285714286,5706.7156809336075
2024-06-29,504.15,2745.7374999999997,1483.11,17742.879999999997,3937.785500000001,5792.24989489052
2024-06-30,23415.7505,504.15,277.0065,10806.833,7243.3203571428585,9044.37989288591
2024-07-01,1108.384,23415.7505,16714.0185,309.96,5013.944000000001,8205.255775838605
2024-07-02,3285.2519999999995,1108.384,1677.28,1061.106,5243.654285714287,8118.323059146554
2024-07-03,5497.174999999999,3285.2519999999995,1433.55,552.933,5824.172142857143,7943.880107388175
2024-07-04,4712.357,5497.174999999999,4212.756,16517.59,5895.5437142857145,7929.220228384314
2024-07-05,1684.496,4712.357,2745.7374999999997,1072.9135,5743.937785714287,8009.223367912626
2024-07-07,9476.22,1684.496,504.15,8098.166499999999,7025.662071428572,7744.468867287694
2024-07-08,15526.879500000001,9476.22,23415.7505,3919.616,5898.680500000001,5076.184181275809
2024-07-09,1628.8379999999997,15526.879500000001,1108.384,10694.6265,5973.031071428572,4997.5292798542005
2024-07-10,13087.599999999999,1628.8379999999997,3285.2519999999995,401.926,7373.366500000001,5469.889592624307
2024-07-11,4776.768,13087.599999999999,5497.174999999999,1837.341,7270.451214285715,5517.642027567765
2024-07-12,3545.685,4776.768,4712.357,2557.97,7103.783785714287,5624.378964027773
2024-07-13,8865.495,3545.685,1684.496,4224.8,8129.640785714287,5101.79871210461
2024-07-14,839.594,8865.495,9476.22,2640.24,6895.837071428572,5727.793436581171
2024-07-15,10837.2565,839.594,15526.879500000001,10143.2585,6225.890928571428,4738.913461625814
2024-07-16,6750.625,10837.2565,1628.8379999999997,803.484,6957.574785714287,4284.443295821849
2024-07-17,5790.251,6750.625,13087.599999999999,6224.39,5915.096357142858,3324.5759856292293
2024-07-18,8461.505,5790.251,4776.768,9575.019999999999,6441.487357142857,3405.0361241086775
2024-07-20,2433.964,8461.505,3545.685,7712.424000000001,6282.670071428572,3583.8442510250115
2024-07-21,2791.024,2433.964,8865.495,2165.6294999999996,5414.888500000001,3589.6362717348215
2024-07-24,4531.9275,2791.024,839.594,6179.85,5942.364714285715,3033.469236409471
2024-07-25,5232.528,4531.9275,10837.2565,15584.5495,5141.689214285715,2131.820326327131
2024-07-26,3722.337,5232.528,6750.625,1483.11,4709.076642857144,2056.8486538630154
2024-07-27,4500.835999999999,3722.337,5790.251,277.0065,4524.874500000001,2000.8611262050301
2024-07-28,366.36,4500.835999999999,8461.505,16714.0185,3368.425214285715,1656.0610887649148
2024-07-29,3029.4,366.36,2433.964,1677.28,3453.4875000000006,1614.842673765671
2024-07-30,7672.95,3029.4,2791.024,1433.55,4150.905500000001,2221.3570926760754
2024-08-01,5868.6175,7672.95,4531.9275,4212.756,4341.8612142857155,2315.047593312977
2024-08-03,1135.575,5868.6175,5232.528,2745.7374999999997,3756.582214285715,2557.5312173292673
2024-08-04,4647.254,1135.575,3722.337,504.15,3888.7132142857154,2579.266977674126
2024-08-05,5647.986,4647.254,4500.835999999999,23415.7505,4052.591785714287,2659.826497451519
2024-08-06,2854.332,5647.986,366.36,1108.384,4408.016357142858,2214.019622522749
2024-08-07,94.33,2854.332,3029.4,3285.2519999999995,3988.720642857144,2735.200845428136
2024-08-08,3806.368,94.33,7672.95,5497.174999999999,3436.351785714287,2206.500586861445
2024-08-09,5665.206,3806.368,5868.6175,4712.357,3407.293000000001,2170.1702218711816
2024-08-10,8082.974,5665.206,1135.575,1684.496,4399.778571428573,2518.7275103101174
2024-08-11,3378.048,8082.974,4647.254,9476.22,4218.463428571429,2543.5045584389413
2024-08-12,5135.405,3378.048,5647.986,15526.879500000001,4145.237571428573,2502.5388945664777
2024-08-13,1024.48,5135.405,2854.332,1628.8379999999997,3883.8301428571435,2743.797831237002
2024-08-14,257.94000000000005,1024.48,94.33,13087.599999999999,3907.2030000000013,2706.5815830552256
2024-08-15,8419.6145,257.94000000000005,3806.368,4776.768,4566.238214285715,3195.436880585324
2024-08-16,6960.528,8419.6145,5665.206,3545.685,4751.284214285716,3305.3013068895643
2024-08-17,6184.7919999999995,6960.528,8082.974,8865.495,4480.115357142858,3054.782051031809
2024-08-18,3270.299,6184.7919999999995,3378.048,839.594,4464.722642857144,3061.524807580792
2024-08-19,2490.831,3270.299,5135.405,10837.2565,4086.9263571428587,3127.430469348538
2024-08-20,2971.2674999999995,2490.831,1024.48,6750.625,4365.038857142858,2887.029012098991
2024-08-21,1424.115,2971.2674999999995,257.94000000000005,5790.251,4531.6352857142865,2632.9992600735195
2024-08-24,79.6,1424.115,8419.6145,8461.505,3340.204642857144,2461.835277411306
2024-08-25,5513.414500000001,79.6,6960.528,2433.964,3133.4741428571433,2147.895674613405
2024-08-26,12505.188999999998,5513.414500000001,6184.7919999999995,2791.024,4036.3880000000013,4092.5228494264766
2024-08-29,15679.601999999999,12505.188999999998,3270.299,4531.9275,5809.145571428572,5964.775962304874
2024-08-30,16829.738,15679.601999999999,2490.831,5232.528,7857.560857142858,7006.443739937248
2024-09-01,18187.847999999998,16829.738,2971.2674999999995,3722.337,10031.358071428573,7575.208827323966
2024-09-02,3767.396,18187.847999999998,1424.115,4500.835999999999,10366.1125,7172.527408044587
2024-09-03,477.105,3767.396,79.6,366.36,10422.89892857143,7078.470333200712
2024-09-04,1751.6969999999997,477.105,5513.414500000001,3029.4,9885.510714285716,7634.282944168353
2024-09-06,2889.558,1751.6969999999997,12505.188999999998,7672.95,8511.849142857143,7943.190728540815
2024-09-10,10711.268499999998,2889.558,15679.601999999999,5868.6175,7802.087214285714,7399.325467236972
2024-09-11,6639.5960000000005,10711.268499999998,16829.738,1135.575,6346.352642857143,6238.574481107142
2024-09-12,242.469,6639.5960000000005,18187.847999999998,4647.254,3782.7270714285723,3753.8873202067443
2024-09-13,1447.1745,242.469,3767.396,5647.986,3451.266857142858,3856.4994864390737
2024-09-15,11509.639,1447.1745,477.105,2854.332,5027.343142857143,4617.703927368101
2024-09-17,6833.303,11509.639,1751.6969999999997,94.33,5753.286857142857,4411.761001066819
2024-09-19,46.988,6833.303,2889.558,3806.368,5347.20542857143,4830.258784933914
2024-09-20,4327.38,46.988,10711.268499999998,5665.206,4435.221357142858,4211.754706004551
2024-09-21,15520.896,4327.38,6639.5960000000005,8082.974,5703.978500000002,5960.955853575635
2024-09-22,12676.307499999999,15520.896,242.469,3378.048,7480.241142857144,5914.6356743314755
2024-09-23,920.3715,12676.307499999999,1447.1745,5135.405,7404.983571428573,6006.8272498905935
2024-09-24,8970.56,920.3715,11509.639,1024.48,7042.258000000001,5790.4186110244445
2024-09-25,1613.196,8970.56,6833.303,257.94000000000005,6296.52842857143,6146.97689922029
2024-09-26,6550.039500000001,1613.196,46.988,8419.6145,7225.535785714287,5502.69751432417
2024-09-29,15419.811,6550.039500000001,4327.38,6960.528,8810.168785714286,6094.361967169069
2024-10-02,12553.526,15419.811,15520.896,6184.7919999999995,8386.258785714286,5635.726105152012
2024-10-03,854.195,12553.526,12676.307499999999,3270.299,6697.385571428573,5900.986784108701
2024-10-04,8393.178,854.195,920.3715,2490.831,7764.929357142858,5330.0116071754355
2024-10-05,18202.332000000002,8393.178,8970.56,2971.2674999999995,9083.75392857143,6655.384828924219
2024-10-06,684.931,18202.332000000002,1613.196,1424.115,8951.144642857143,6835.846419052046
2024-10-07,11530.776,684.931,6550.039500000001,79.6,9662.67842857143,6803.406099440305
2024-10-08,4641.1065,11530.776,15419.811,5513.414500000001,8122.8635,6496.05529549103
2024-10-10,2004.246,4641.1065,12553.526,12505.188999999998,6615.823500000001,6520.492432882435
2024-10-11,14250.417000000001,2004.246,854.195,15679.601999999999,8529.569500000001,6513.506711368824
2024-10-12,91.238,14250.417000000001,8393.178,16829.738,7343.578071428573,7255.979422246481
2024-10-13,8985.626,91.238,18202.332000000002,18187.847999999998,6026.905785714286,5605.708807680942
2024-10-14,2070.96,8985.626,684.931,3767.396,6224.90992857143,5406.5115121066965
2024-10-16,4975.7865,2070.96,11530.776,477.105,5288.482857142858,4875.996057805229
2024-10-17,7574.443,4975.7865,4641.1065,1751.6969999999997,5707.53092857143,4936.755580307114
2024-10-18,2749.53,7574.443,2004.246,2889.558,5814.0000714285725,4850.866493743507
2024-10-19,9597.646,2749.53,14250.417000000001,10711.268499999998,5149.318500000001,3679.5758184214637
2024-10-20,8955.175,9597.646,91.238,6639.5960000000005,6415.595214285715,3133.470853946363
2024-10-22,6419.25,8955.175,8985.626,242.469,6048.970071428572,2925.915660253568
2024-10-23,23480.036,6419.25,2070.96,1447.1745,9107.4095,6756.540384640108
2024-10-24,9159.283500000001,23480.036,4975.7865,11509.639,9705.051928571429,6510.724163593245
2024-10-25,3592.08,9159.283500000001,7574.443,6833.303,9136.14292857143,6890.821238519747
2024-10-27,2549.7049999999995,3592.08,2749.53,46.988,9107.596500000001,6922.031730217752
2024-10-28,3101.294,2549.7049999999995,9597.646,4327.38,8179.546214285715,7272.020804932236
2024-10-29,2900.388,3101.294,8955.175,15520.896,7314.576642857144,7520.24406126506
2024-10-30,4412.925,2900.388,6419.25,12676.307499999999,7027.958785714286,7597.887297716474
2024-10-31,4437.123,4412.925,23480.036,920.3715,4307.542642857144,2258.476101427064
2024-11-01,8164.53,4437.123,9159.283500000001,8970.56,4165.435,1906.1254705765825
2024-11-02,1436.16,8164.53,3592.08,1613.196,3857.446428571429,2170.1034232715947
2024-11-03,1695.92,1436.16,2549.7049999999995,6550.039500000001,3735.477142857144,2277.2046649704007
2024-11-04,5658.664499999999,1695.92,3101.294,15419.811,4100.815785714287,2362.065536813586
2024-11-06,3342.5550000000003,5658.664499999999,2900.388,12553.526,4163.982500000001,2330.311993242403
2024-11-07,4509.1085,3342.5550000000003,4412.925,854.195,4177.723000000001,2332.3072229477075
2024-11-08,5807.688,4509.1085,4437.123,8393.178,4373.518000000001,2413.8175041599648
2024-11-09,6254.528,5807.688,8164.53,18202.332000000002,4100.660571428572,1983.4464139473669
2024-11-10,7417.379999999999,6254.528,1436.16,684.931,4955.1205714285725,1931.9553692879763
2024-11-11,5208.5650000000005,7417.379999999999,1695.92,11530.776,5456.9270000000015,1295.7550671846404
2024-11-13,2764.7185,5208.5650000000005,5658.664499999999,4641.1065,5043.5061428571435,1637.312743365837
2024-11-14,6732.84,2764.7185,3342.5550000000003,2004.246,5527.832571428573,1549.3744749705572
2024-11-15,1125.869,6732.84,4509.1085,14250.417000000001,5044.512642857144,2276.9740541318565
2024-11-16,15938.4705,1125.869,5807.688,91.238,6491.767285714287,4735.358561180826
2024-11-17,4528.62,15938.4705,6254.528,8985.626,6245.209000000002,4794.334366149136
2024-11-18,151.7675,4528.62,7417.379999999999,2070.96,5207.264357142858,5261.948197132921
2024-11-20,3377.58,151.7675,5208.5650000000005,4975.7865,4945.695071428572,5307.187056127448
2024-11-21,346.45000000000005,3377.58,2764.7185,7574.443,4600.228142857143,5546.1453779951835
2024-11-22,7494.678,346.45000000000005,6732.84,2749.53,4709.062142857144,5602.161250930157
2024-11-23,3319.52,7494.678,1125.869,9597.646,5022.440857142858,5426.929377747082
2024-11-24,12738.168,3319.52,15938.4705,8955.175,4565.254785714286,4389.7415124783565
2024-11-25,12066.878,12738.168,4528.62,6419.25,5642.1487857142865,5224.526887817824
2024-11-26,3346.5764999999997,12066.878,151.7675,23480.036,6098.550071428573,4786.114250802255
2024-11-27,2302.56,3346.5764999999997,3377.58,9159.283500000001,5944.975785714286,4903.775837633356
2024-11-28,1836.38,2302.56,346.45000000000005,3592.08,6157.822928571429,4645.823317921603
2024-11-29,8261.63,1836.38,7494.678,2549.7049999999995,6267.387500000002,4691.425471941104
2024-11-30,2346.4800000000005,8261.63,3319.52,3101.294,6128.381785714287,4806.335618369401
2024-12-01,1915.56,2346.4800000000005,12738.168,2900.388,4582.294928571429,3998.563785270424
2024-12-02,3106.9845,1915.56,12066.878,4412.925,3302.3101428571435,2259.0596795707283
2024-12-03,8247.661,3106.9845,3346.5764999999997,4437.123,4002.465071428572,2933.800746955558
2024-12-06,6281.77,8247.661,2302.56,8164.53,4570.923642857144,2935.0371550898917
2024-12-07,6471.444000000001,6281.77,1836.38,1436.16,5233.075642857145,2731.0495664379314
2024-12-08,2808.825,6471.444000000001,8261.63,1695.92,4454.103500000002,2490.28301255892
2024-12-09,4088.197,2808.825,2346.4800000000005,5658.664499999999,4702.920214285716,2326.2093393785362
2024-12-10,566.32,4088.197,1915.56,3342.5550000000003,4510.171642857144,2631.5242613931005
2024-12-12,8465.085,566.32,3106.9845,4509.1085,5275.614571428573,2918.9211761690954
2024-12-13,4309.139999999999,8465.085,8247.661,5807.688,4712.968714285716,2614.2438548537652
2024-12-14,461.35,4309.139999999999,6281.77,6254.528,3881.480142857144,2937.718420320312
2024-12-15,8608.46,461.35,6471.444000000001,7417.379999999999,4186.768142857144,3335.7946966816257
2024-12-16,6589.031,8608.46,2808.825,5208.5650000000005,4726.797571428572,3381.21956780524
2024-12-17,671.21,6589.031,4088.197,2764.7185,4238.6565714285725,3718.5992659150656
2024-12-18,10513.130000000001,671.21,566.32,6732.84,5659.62942857143,3973.1745680589843
2024-12-19,2796.26,10513.130000000001,8465.085,1125.869,4849.797285714287,3882.743954851389
2024-12-20,1904.196,2796.26,4309.139999999999,15938.4705,4506.233857142858,4041.703632983941
2024-12-21,3081.24,1904.196,461.35,4528.62,4880.503857142859,3712.617795798392
2024-12-22,8107.128000000001,3081.24,8608.46,151.7675,4808.885000000001,3632.692456874254
2024-12-23,7351.9839999999995,8107.128000000001,6589.031,3377.58,4917.878285714287,3705.7163703652054
2024-12-24,3085.296,7351.9839999999995,671.21,346.45000000000005,5262.747714285716,3338.8027981906916
2024-12-26,10234.614,3085.296,10513.130000000001,7494.678,5222.959714285716,3266.6875009584237
2024-12-27,6944.3640000000005,10234.614,2796.26,3319.52,5815.546000000001,3126.3326503256285
2024-12-29,155.61,6944.3640000000005,1904.196,12738.168,5565.7480000000005,3534.193884016563
2024-12-30,14387.84,155.61,3081.24,12066.878,7180.976571428573,4624.877337969911
2024-12-31,11886.921,14387.84,8107.128000000001,3346.5764999999997,7720.947,4959.571930412982
